method,backend,threads,rep,time_sec,total_count,valid
mutex,openmp,1,0,0.0171867,1000000,OK
mutex,openmp,1,1,0.0162595,1000000,OK
mutex,openmp,1,2,0.0169204,1000000,OK
mutex,openmp,1,3,0.0159535,1000000,OK
mutex,openmp,1,4,0.0164913,1000000,OK
mutex,openmp,2,0,0.0845398,1000000,OK
mutex,openmp,2,1,0.0754679,1000000,OK
mutex,openmp,2,2,0.0850123,1000000,OK
mutex,openmp,2,3,0.0823145,1000000,OK
mutex,openmp,2,4,0.0850808,1000000,OK
mutex,openmp,4,0,0.0805522,1000000,OK
mutex,openmp,4,1,0.0854503,1000000,OK
mutex,openmp,4,2,0.0874264,1000000,OK
mutex,openmp,4,3,0.0856543,1000000,OK
mutex,openmp,4,4,0.0869185,1000000,OK
mutex,openmp,8,0,0.128086,1000000,OK
mutex,openmp,8,1,0.141335,1000000,OK
mutex,openmp,8,2,0.141553,1000000,OK
mutex,openmp,8,3,0.143769,1000000,OK
mutex,openmp,8,4,0.14117,1000000,OK
mutex,openmp,12,0,0.121195,1000000,OK
mutex,openmp,12,1,0.142358,1000000,OK
mutex,openmp,12,2,0.142576,1000000,OK
mutex,openmp,12,3,0.142274,1000000,OK
mutex,openmp,12,4,0.144056,1000000,OK
