method,backend,threads,rep,time_sec,total_count,valid
private,std,1,0,0.00884428,10000000,OK
private,std,1,1,0.00867607,10000000,OK
private,std,1,2,0.0084575,10000000,OK
private,std,2,0,0.00438953,10000000,OK
private,std,2,1,0.00772778,10000000,OK
private,std,2,2,0.00440476,10000000,OK
private,std,4,0,0.00468504,10000000,OK
private,std,4,1,0.00402849,10000000,OK
private,std,4,2,0.00457609,10000000,OK
private,std,8,0,0.00335882,10000000,OK
private,std,8,1,0.00278559,10000000,OK
private,std,8,2,0.00272538,10000000,OK
private,std,12,0,0.00320841,10000000,OK
private,std,12,1,0.00285309,10000000,OK
private,std,12,2,0.00253673,10000000,OK
