method,backend,threads,rep,time_sec,total_count,valid
private,openmp,1,0,0.00741469,10000000,OK
private,openmp,1,1,0.00721699,10000000,OK
private,openmp,1,2,0.00759334,10000000,OK
private,openmp,1,3,0.00678797,10000000,OK
private,openmp,1,4,0.00668245,10000000,OK
private,openmp,2,0,0.00306977,5000000,BAD
private,openmp,2,1,0.00441396,5000000,BAD
private,openmp,2,2,0.00383079,5000000,BAD
private,openmp,2,3,0.00440829,5000000,BAD
private,openmp,2,4,0.00356475,5000000,BAD
private,openmp,4,0,0.000889302,2499999,BAD
private,openmp,4,1,0.0012431,2499999,BAD
private,openmp,4,2,0.00109713,2499999,BAD
private,openmp,4,3,0.00110165,2499999,BAD
private,openmp,4,4,0.00113252,2499999,BAD
private,openmp,8,0,0.000246095,1249999,BAD
private,openmp,8,1,0.000304521,1249999,BAD
private,openmp,8,2,0.000303135,1249999,BAD
private,openmp,8,3,0.00028832,1249999,BAD
private,openmp,8,4,0.000287986,1249999,BAD
private,openmp,12,0,0.00668458,833333,BAD
private,openmp,12,1,0.00598191,833333,BAD
private,openmp,12,2,0.00598989,833333,BAD
private,openmp,12,3,0.00600319,833333,BAD
private,openmp,12,4,0.00598739,833333,BAD
