method,backend,threads,rep,time_sec,total_count,valid
private,std,1,0,0.00878203,10000000,OK
private,std,1,1,0.00864441,10000000,OK
private,std,1,2,0.00897115,10000000,OK
private,std,1,3,0.00869974,10000000,OK
private,std,1,4,0.00859782,10000000,OK
private,std,2,0,0.00439875,10000000,OK
private,std,2,1,0.00789634,10000000,OK
private,std,2,2,0.00429452,10000000,OK
private,std,2,3,0.00795748,10000000,OK
private,std,2,4,0.00447629,10000000,OK
private,std,4,0,0.0045507,10000000,OK
private,std,4,1,0.00396323,10000000,OK
private,std,4,2,0.0045084,10000000,OK
private,std,4,3,0.00380353,10000000,OK
private,std,4,4,0.00459623,10000000,OK
private,std,8,0,0.00306571,10000000,OK
private,std,8,1,0.00304815,10000000,OK
private,std,8,2,0.00299739,10000000,OK
private,std,8,3,0.00300743,10000000,OK
private,std,8,4,0.00284325,10000000,OK
private,std,12,0,0.00288618,10000000,OK
private,std,12,1,0.00298555,10000000,OK
private,std,12,2,0.00225982,10000000,OK
private,std,12,3,0.00231576,10000000,OK
private,std,12,4,0.00220871,10000000,OK
