method,backend,threads,rep,time_sec,total_count,valid
private,std,1,0,0.0164451,10000000,OK
private,std,1,1,0.0174996,10000000,OK
private,std,1,2,0.0160764,10000000,OK
private,std,2,0,0.00886429,10000000,OK
private,std,2,1,0.00997685,10000000,OK
private,std,2,2,0.00866663,10000000,OK
private,std,4,0,0.00693441,10000000,OK
private,std,4,1,0.00511157,10000000,OK
private,std,4,2,0.00564887,10000000,OK
private,std,8,0,0.00749676,10000000,OK
private,std,8,1,0.00689468,10000000,OK
private,std,8,2,0.00693004,10000000,OK
private,std,12,0,0.00806043,10000000,OK
private,std,12,1,0.00880059,10000000,OK
private,std,12,2,0.00855924,10000000,OK
