method,backend,threads,rep,time_sec,total_count,valid
atomic,openmp,1,0,0.00847752,1000000,OK
atomic,openmp,1,1,0.00870899,1000000,OK
atomic,openmp,1,2,0.00848937,1000000,OK
atomic,openmp,1,3,0.00845839,1000000,OK
atomic,openmp,1,4,0.00851863,1000000,OK
atomic,openmp,2,0,0.00664273,1000000,OK
atomic,openmp,2,1,0.00664223,1000000,OK
atomic,openmp,2,2,0.00672525,1000000,OK
atomic,openmp,2,3,0.00664972,1000000,OK
atomic,openmp,2,4,0.0067292,1000000,OK
atomic,openmp,4,0,0.00405147,1000000,OK
atomic,openmp,4,1,0.00405353,1000000,OK
atomic,openmp,4,2,0.00413172,1000000,OK
atomic,openmp,4,3,0.00406356,1000000,OK
atomic,openmp,4,4,0.00405118,1000000,OK
atomic,openmp,8,0,0.00337218,1000000,OK
atomic,openmp,8,1,0.00342152,1000000,OK
atomic,openmp,8,2,0.00350816,1000000,OK
atomic,openmp,8,3,0.00326119,1000000,OK
atomic,openmp,8,4,0.00334937,1000000,OK
atomic,openmp,12,0,0.00861949,1000000,OK
atomic,openmp,12,1,0.00362733,1000000,OK
atomic,openmp,12,2,0.00604443,1000000,OK
atomic,openmp,12,3,0.00580261,1000000,OK
atomic,openmp,12,4,0.00706555,1000000,OK
