method,backend,threads,rep,time_sec,total_count,valid
private,std,1,0,0.0816519,100000000,OK
private,std,1,1,0.0831962,100000000,OK
private,std,1,2,0.0825226,100000000,OK
private,std,1,3,0.0818387,100000000,OK
private,std,1,4,0.0825749,100000000,OK
private,std,2,0,0.0457146,100000000,OK
private,std,2,1,0.0816924,100000000,OK
private,std,2,2,0.0437596,100000000,OK
private,std,2,3,0.0790669,100000000,OK
private,std,2,4,0.043603,100000000,OK
private,std,4,0,0.0474706,100000000,OK
private,std,4,1,0.0401724,100000000,OK
private,std,4,2,0.0477864,100000000,OK
private,std,4,3,0.0382317,100000000,OK
private,std,4,4,0.0445539,100000000,OK
private,std,8,0,0.0305786,100000000,OK
private,std,8,1,0.026076,100000000,OK
private,std,8,2,0.0238188,100000000,OK
private,std,8,3,0.0232705,100000000,OK
private,std,8,4,0.0228685,100000000,OK
private,std,12,0,0.0255777,100000000,OK
private,std,12,1,0.0231204,100000000,OK
private,std,12,2,0.0249805,100000000,OK
private,std,12,3,0.0223489,100000000,OK
private,std,12,4,0.0236913,100000000,OK
