method,backend,threads,rep,time_sec,total_count,valid
mutex,std,1,0,0.0162256,1000000,OK
mutex,std,1,1,0.0165417,1000000,OK
mutex,std,1,2,0.0157391,1000000,OK
mutex,std,1,3,0.0161835,1000000,OK
mutex,std,1,4,0.0155412,1000000,OK
mutex,std,2,0,0.0874156,1000000,OK
mutex,std,2,1,0.0856353,1000000,OK
mutex,std,2,2,0.0868434,1000000,OK
mutex,std,2,3,0.0838773,1000000,OK
mutex,std,2,4,0.0900945,1000000,OK
mutex,std,4,0,0.0836569,1000000,OK
mutex,std,4,1,0.0887749,1000000,OK
mutex,std,4,2,0.0886579,1000000,OK
mutex,std,4,3,0.0955011,1000000,OK
mutex,std,4,4,0.0860036,1000000,OK
mutex,std,8,0,0.127053,1000000,OK
mutex,std,8,1,0.127482,1000000,OK
mutex,std,8,2,0.127249,1000000,OK
mutex,std,8,3,0.128154,1000000,OK
mutex,std,8,4,0.129807,1000000,OK
mutex,std,12,0,0.133598,1000000,OK
mutex,std,12,1,0.134121,1000000,OK
mutex,std,12,2,0.134845,1000000,OK
mutex,std,12,3,0.135231,1000000,OK
mutex,std,12,4,0.136119,1000000,OK
