method,backend,threads,rep,time_sec,total_count,valid
atomic,openmp,1,0,0.0516808,10000000,OK
atomic,openmp,1,1,0.0520926,10000000,OK
atomic,openmp,1,2,0.0519937,10000000,OK
atomic,openmp,1,3,0.0524887,10000000,OK
atomic,openmp,1,4,0.0515415,10000000,OK
atomic,openmp,2,0,0.0953301,10000000,OK
atomic,openmp,2,1,0.0930877,10000000,OK
atomic,openmp,2,2,0.0939612,10000000,OK
atomic,openmp,2,3,0.0963986,10000000,OK
atomic,openmp,2,4,0.0943871,10000000,OK
atomic,openmp,4,0,0.0799764,10000000,OK
atomic,openmp,4,1,0.0666947,10000000,OK
atomic,openmp,4,2,0.0702066,10000000,OK
atomic,openmp,4,3,0.0649295,10000000,OK
atomic,openmp,4,4,0.0631427,10000000,OK
atomic,openmp,8,0,0.0683567,10000000,OK
atomic,openmp,8,1,0.0655065,10000000,OK
atomic,openmp,8,2,0.0644986,10000000,OK
atomic,openmp,8,3,0.0644499,10000000,OK
atomic,openmp,8,4,0.058498,10000000,OK
atomic,openmp,12,0,0.0567865,10000000,OK
atomic,openmp,12,1,0.0546806,10000000,OK
atomic,openmp,12,2,0.0617823,10000000,OK
atomic,openmp,12,3,0.0577865,10000000,OK
atomic,openmp,12,4,0.0519447,10000000,OK
