method,backend,threads,rep,time_sec,total_count,valid
atomic,openmp,1,0,0.00541033,1000000,OK
atomic,openmp,1,1,0.00566877,1000000,OK
atomic,openmp,1,2,0.00573597,1000000,OK
atomic,openmp,1,3,0.00512204,1000000,OK
atomic,openmp,1,4,0.0051458,1000000,OK
atomic,openmp,2,0,0.0086063,1000000,OK
atomic,openmp,2,1,0.00896916,1000000,OK
atomic,openmp,2,2,0.00853278,1000000,OK
atomic,openmp,2,3,0.00891182,1000000,OK
atomic,openmp,2,4,0.00882352,1000000,OK
atomic,openmp,4,0,0.0066121,1000000,OK
atomic,openmp,4,1,0.00652239,1000000,OK
atomic,openmp,4,2,0.00642674,1000000,OK
atomic,openmp,4,3,0.00674304,1000000,OK
atomic,openmp,4,4,0.00643529,1000000,OK
atomic,openmp,8,0,0.00686492,1000000,OK
atomic,openmp,8,1,0.00947831,1000000,OK
atomic,openmp,8,2,0.00647001,1000000,OK
atomic,openmp,8,3,0.00742932,1000000,OK
atomic,openmp,8,4,0.0064184,1000000,OK
atomic,openmp,12,0,0.00889654,1000000,OK
atomic,openmp,12,1,0.0072842,1000000,OK
atomic,openmp,12,2,0.00901953,1000000,OK
atomic,openmp,12,3,0.0128224,1000000,OK
atomic,openmp,12,4,0.00991464,1000000,OK
