method,backend,threads,rep,time_sec,total_count,valid
atomic,std,1,0,0.051255,10000000,OK
atomic,std,1,1,0.0500227,10000000,OK
atomic,std,1,2,0.0498739,10000000,OK
atomic,std,2,0,0.0940974,10000000,OK
atomic,std,2,1,0.0865177,10000000,OK
atomic,std,2,2,0.0912509,10000000,OK
atomic,std,4,0,0.074435,10000000,OK
atomic,std,4,1,0.0694984,10000000,OK
atomic,std,4,2,0.0696885,10000000,OK
atomic,std,8,0,0.0679623,10000000,OK
atomic,std,8,1,0.0664075,10000000,OK
atomic,std,8,2,0.0676646,10000000,OK
atomic,std,12,0,0.0510279,10000000,OK
atomic,std,12,1,0.051766,10000000,OK
atomic,std,12,2,0.0497238,10000000,OK
