method,backend,threads,rep,time_sec,total_count,valid
atomic,std,1,0,0.00839514,1000000,OK
atomic,std,1,1,0.00888974,1000000,OK
atomic,std,1,2,0.008902,1000000,OK
atomic,std,1,3,0.00837127,1000000,OK
atomic,std,1,4,0.00894186,1000000,OK
atomic,std,2,0,0.00705838,1000000,OK
atomic,std,2,1,0.00718915,1000000,OK
atomic,std,2,2,0.00728114,1000000,OK
atomic,std,2,3,0.00708341,1000000,OK
atomic,std,2,4,0.00673397,1000000,OK
atomic,std,4,0,0.00411005,1000000,OK
atomic,std,4,1,0.00423026,1000000,OK
atomic,std,4,2,0.00410017,1000000,OK
atomic,std,4,3,0.00410769,1000000,OK
atomic,std,4,4,0.0040405,1000000,OK
atomic,std,8,0,0.00343947,1000000,OK
atomic,std,8,1,0.00332216,1000000,OK
atomic,std,8,2,0.00322043,1000000,OK
atomic,std,8,3,0.00340385,1000000,OK
atomic,std,8,4,0.00361135,1000000,OK
atomic,std,12,0,0.00372806,1000000,OK
atomic,std,12,1,0.00374752,1000000,OK
atomic,std,12,2,0.00377055,1000000,OK
atomic,std,12,3,0.00355021,1000000,OK
atomic,std,12,4,0.00358193,1000000,OK
