method,backend,threads,rep,time_sec,total_count,valid
atomic,std,1,0,0.58046,100000000,OK
atomic,std,1,1,0.588465,100000000,OK
atomic,std,1,2,0.570372,100000000,OK
atomic,std,2,0,1.66487,100000000,OK
atomic,std,2,1,1.62504,100000000,OK
atomic,std,2,2,1.81993,100000000,OK
atomic,std,4,0,1.50126,100000000,OK
atomic,std,4,1,1.7005,100000000,OK
atomic,std,4,2,1.72418,100000000,OK
atomic,std,8,0,1.52609,100000000,OK
atomic,std,8,1,1.54339,100000000,OK
atomic,std,8,2,1.56989,100000000,OK
atomic,std,12,0,1.98255,100000000,OK
atomic,std,12,1,1.99508,100000000,OK
atomic,std,12,2,2.04283,100000000,OK
