method,backend,threads,rep,time_sec,total_count,valid
atomic,std,1,0,0.0853185,10000000,OK
atomic,std,1,1,0.0872577,10000000,OK
atomic,std,1,2,0.0825847,10000000,OK
atomic,std,2,0,0.0661498,10000000,OK
atomic,std,2,1,0.0654285,10000000,OK
atomic,std,2,2,0.067643,10000000,OK
atomic,std,4,0,0.0408009,10000000,OK
atomic,std,4,1,0.0408954,10000000,OK
atomic,std,4,2,0.0414935,10000000,OK
atomic,std,8,0,0.033996,10000000,OK
atomic,std,8,1,0.0323818,10000000,OK
atomic,std,8,2,0.0333136,10000000,OK
atomic,std,12,0,0.0293937,10000000,OK
atomic,std,12,1,0.0287072,10000000,OK
atomic,std,12,2,0.0274899,10000000,OK
