method,backend,threads,rep,time_sec,total_count,valid
private,std,1,0,0.00195636,1000000,OK
private,std,1,1,0.00190746,1000000,OK
private,std,1,2,0.00195658,1000000,OK
private,std,2,0,0.00146628,1000000,OK
private,std,2,1,0.00143102,1000000,OK
private,std,2,2,0.00134845,1000000,OK
private,std,4,0,0.001488,1000000,OK
private,std,4,1,0.00130368,1000000,OK
private,std,4,2,0.0011853,1000000,OK
private,std,8,0,0.00282757,1000000,OK
private,std,8,1,0.00285867,1000000,OK
private,std,8,2,0.00253831,1000000,OK
private,std,12,0,0.00329712,1000000,OK
private,std,12,1,0.00288193,1000000,OK
private,std,12,2,0.00357521,1000000,OK
