method,backend,threads,rep,time_sec,total_count,valid
private,std,1,0,0.00216377,1000000,OK
private,std,1,1,0.0022606,1000000,OK
private,std,1,2,0.00209704,1000000,OK
private,std,2,0,0.00170063,1000000,OK
private,std,2,1,0.00177071,1000000,OK
private,std,2,2,0.00147181,1000000,OK
private,std,4,0,0.00225646,1000000,OK
private,std,4,1,0.00314495,1000000,OK
private,std,4,2,0.00278869,1000000,OK
private,std,8,0,0.00245699,1000000,OK
private,std,8,1,0.00234478,1000000,OK
private,std,8,2,0.0021676,1000000,OK
private,std,12,0,0.00384368,1000000,OK
private,std,12,1,0.00382413,1000000,OK
private,std,12,2,0.00334191,1000000,OK
