method,backend,threads,rep,time_sec,total_count,valid
atomic,std,1,0,0.0573026,10000000,OK
atomic,std,1,1,0.056597,10000000,OK
atomic,std,1,2,0.0557023,10000000,OK
atomic,std,1,3,0.0552334,10000000,OK
atomic,std,1,4,0.0547478,10000000,OK
atomic,std,2,0,0.183213,10000000,OK
atomic,std,2,1,0.167117,10000000,OK
atomic,std,2,2,0.183428,10000000,OK
atomic,std,2,3,0.184423,10000000,OK
atomic,std,2,4,0.158316,10000000,OK
atomic,std,4,0,0.200987,10000000,OK
atomic,std,4,1,0.200841,10000000,OK
atomic,std,4,2,0.203898,10000000,OK
atomic,std,4,3,0.205726,10000000,OK
atomic,std,4,4,0.202522,10000000,OK
atomic,std,8,0,0.157828,10000000,OK
atomic,std,8,1,0.168426,10000000,OK
atomic,std,8,2,0.170069,10000000,OK
atomic,std,8,3,0.173398,10000000,OK
atomic,std,8,4,0.17945,10000000,OK
atomic,std,12,0,0.152947,10000000,OK
atomic,std,12,1,0.151315,10000000,OK
atomic,std,12,2,0.153442,10000000,OK
atomic,std,12,3,0.150153,10000000,OK
atomic,std,12,4,0.157005,10000000,OK
