method,backend,threads,rep,time_sec,total_count,valid
private,std,1,0,0.000915331,1000000,OK
private,std,1,1,0.000939271,1000000,OK
private,std,1,2,0.000955994,1000000,OK
private,std,2,0,0.000441532,1000000,OK
private,std,2,1,0.000751879,1000000,OK
private,std,2,2,0.000427401,1000000,OK
private,std,4,0,0.000509026,1000000,OK
private,std,4,1,0.000424613,1000000,OK
private,std,4,2,0.000435109,1000000,OK
private,std,8,0,0.000384267,1000000,OK
private,std,8,1,0.00031841,1000000,OK
private,std,8,2,0.000293143,1000000,OK
private,std,12,0,0.000347381,1000000,OK
private,std,12,1,0.000653799,1000000,OK
private,std,12,2,0.000350812,1000000,OK
