method,backend,threads,rep,time_sec,total_count,valid
atomic,std,1,0,0.00915673,1000000,OK
atomic,std,1,1,0.00882677,1000000,OK
atomic,std,1,2,0.0091517,1000000,OK
atomic,std,2,0,0.00728013,1000000,OK
atomic,std,2,1,0.00700283,1000000,OK
atomic,std,2,2,0.00693217,1000000,OK
atomic,std,4,0,0.00423614,1000000,OK
atomic,std,4,1,0.00450806,1000000,OK
atomic,std,4,2,0.00418466,1000000,OK
atomic,std,8,0,0.00350527,1000000,OK
atomic,std,8,1,0.0033062,1000000,OK
atomic,std,8,2,0.0032216,1000000,OK
atomic,std,12,0,0.00375673,1000000,OK
atomic,std,12,1,0.00377132,1000000,OK
atomic,std,12,2,0.00345459,1000000,OK
