method,backend,threads,rep,time_sec,total_count,valid
mutex,std,1,0,1.56574,100000000,OK
mutex,std,1,1,1.53041,100000000,OK
mutex,std,1,2,1.55685,100000000,OK
mutex,std,1,3,1.51404,100000000,OK
mutex,std,1,4,1.53081,100000000,OK
mutex,std,2,0,8.47743,100000000,OK
mutex,std,2,1,8.42247,100000000,OK
mutex,std,2,2,9.08365,100000000,OK
mutex,std,2,3,8.68859,100000000,OK
mutex,std,2,4,8.48623,100000000,OK
mutex,std,4,0,9.04689,100000000,OK
mutex,std,4,1,9.20169,100000000,OK
mutex,std,4,2,8.97414,100000000,OK
mutex,std,4,3,8.80473,100000000,OK
mutex,std,4,4,9.01737,100000000,OK
mutex,std,8,0,13.9669,100000000,OK
mutex,std,8,1,14.031,100000000,OK
mutex,std,8,2,14.1033,100000000,OK
mutex,std,8,3,14.1261,100000000,OK
mutex,std,8,4,14.4211,100000000,OK
mutex,std,12,0,14.743,100000000,OK
mutex,std,12,1,14.7079,100000000,OK
mutex,std,12,2,14.7181,100000000,OK
mutex,std,12,3,14.7739,100000000,OK
mutex,std,12,4,14.4646,100000000,OK
