method,backend,threads,rep,time_sec,total_count,valid
atomic,std,1,0,0.0523244,10000000,OK
atomic,std,1,1,0.0506578,10000000,OK
atomic,std,1,2,0.0507544,10000000,OK
atomic,std,2,0,0.0873711,10000000,OK
atomic,std,2,1,0.0896754,10000000,OK
atomic,std,2,2,0.0913138,10000000,OK
atomic,std,4,0,0.0716191,10000000,OK
atomic,std,4,1,0.0696432,10000000,OK
atomic,std,4,2,0.069043,10000000,OK
atomic,std,8,0,0.0666818,10000000,OK
atomic,std,8,1,0.0646833,10000000,OK
atomic,std,8,2,0.0636416,10000000,OK
atomic,std,12,0,0.0563652,10000000,OK
atomic,std,12,1,0.0493038,10000000,OK
atomic,std,12,2,0.0495724,10000000,OK
