method,backend,threads,rep,time_sec,total_count,valid
private,std,1,0,0.00568052,10000000,OK
private,std,1,1,0.00605444,10000000,OK
private,std,1,2,0.00558487,10000000,OK
private,std,2,0,0.00588051,10000000,OK
private,std,2,1,0.00442835,10000000,OK
private,std,2,2,0.00403937,10000000,OK
private,std,4,0,0.00406571,10000000,OK
private,std,4,1,0.00371087,10000000,OK
private,std,4,2,0.00401233,10000000,OK
private,std,8,0,0.00205848,10000000,OK
private,std,8,1,0.00210824,10000000,OK
private,std,8,2,0.00194908,10000000,OK
private,std,12,0,0.00214451,10000000,OK
private,std,12,1,0.00244051,10000000,OK
private,std,12,2,0.0024275,10000000,OK
