method,backend,threads,rep,time_sec,total_count,valid
private,std,1,0,0.0530733,100000000,OK
private,std,1,1,0.0536019,100000000,OK
private,std,1,2,0.0538301,100000000,OK
private,std,1,3,0.0546691,100000000,OK
private,std,1,4,0.0566399,100000000,OK
private,std,2,0,0.059012,100000000,OK
private,std,2,1,0.0368612,100000000,OK
private,std,2,2,0.0373761,100000000,OK
private,std,2,3,0.0380395,100000000,OK
private,std,2,4,0.0391994,100000000,OK
private,std,4,0,0.0428341,100000000,OK
private,std,4,1,0.039176,100000000,OK
private,std,4,2,0.0397513,100000000,OK
private,std,4,3,0.0402808,100000000,OK
private,std,4,4,0.0401472,100000000,OK
private,std,8,0,0.0171189,100000000,OK
private,std,8,1,0.0185944,100000000,OK
private,std,8,2,0.0169644,100000000,OK
private,std,8,3,0.0172627,100000000,OK
private,std,8,4,0.0171149,100000000,OK
private,std,12,0,0.0151778,100000000,OK
private,std,12,1,0.0159135,100000000,OK
private,std,12,2,0.0155706,100000000,OK
private,std,12,3,0.0163359,100000000,OK
private,std,12,4,0.0163643,100000000,OK
