method,backend,threads,rep,time_sec,total_count,valid
atomic,std,1,0,0.0530846,10000000,OK
atomic,std,1,1,0.0526207,10000000,OK
atomic,std,1,2,0.0523611,10000000,OK
atomic,std,1,3,0.0520205,10000000,OK
atomic,std,1,4,0.0518783,10000000,OK
atomic,std,2,0,0.0893078,10000000,OK
atomic,std,2,1,0.0925288,10000000,OK
atomic,std,2,2,0.0952494,10000000,OK
atomic,std,2,3,0.0883809,10000000,OK
atomic,std,2,4,0.0911566,10000000,OK
atomic,std,4,0,0.0817873,10000000,OK
atomic,std,4,1,0.0946368,10000000,OK
atomic,std,4,2,0.0977815,10000000,OK
atomic,std,4,3,0.0938026,10000000,OK
atomic,std,4,4,0.0958596,10000000,OK
atomic,std,8,0,0.0731388,10000000,OK
atomic,std,8,1,0.0693304,10000000,OK
atomic,std,8,2,0.0582139,10000000,OK
atomic,std,8,3,0.0576542,10000000,OK
atomic,std,8,4,0.0679019,10000000,OK
atomic,std,12,0,0.054282,10000000,OK
atomic,std,12,1,0.0501193,10000000,OK
atomic,std,12,2,0.0528655,10000000,OK
atomic,std,12,3,0.04995,10000000,OK
atomic,std,12,4,0.0530398,10000000,OK
