method,backend,threads,rep,time_sec,total_count,valid
mutex,openmp,1,0,0.0167773,1000000,OK
mutex,openmp,1,1,0.0162943,1000000,OK
mutex,openmp,1,2,0.0164885,1000000,OK
mutex,openmp,1,3,0.0169574,1000000,OK
mutex,openmp,1,4,0.0163508,1000000,OK
mutex,openmp,2,0,0.081382,1000000,OK
mutex,openmp,2,1,0.0882328,1000000,OK
mutex,openmp,2,2,0.089615,1000000,OK
mutex,openmp,2,3,0.0909195,1000000,OK
mutex,openmp,2,4,0.0712264,1000000,OK
mutex,openmp,4,0,0.0914485,1000000,OK
mutex,openmp,4,1,0.0924798,1000000,OK
mutex,openmp,4,2,0.090462,1000000,OK
mutex,openmp,4,3,0.0875234,1000000,OK
mutex,openmp,4,4,0.0931722,1000000,OK
mutex,openmp,8,0,0.118537,1000000,OK
mutex,openmp,8,1,0.12132,1000000,OK
mutex,openmp,8,2,0.118996,1000000,OK
mutex,openmp,8,3,0.122886,1000000,OK
mutex,openmp,8,4,0.118224,1000000,OK
mutex,openmp,12,0,0.116089,1000000,OK
mutex,openmp,12,1,0.12456,1000000,OK
mutex,openmp,12,2,0.125588,1000000,OK
mutex,openmp,12,3,0.125408,1000000,OK
mutex,openmp,12,4,0.124144,1000000,OK
