method,backend,threads,rep,time_sec,total_count,valid
mutex,std,1,0,0.168138,10000000,OK
mutex,std,1,1,0.168824,10000000,OK
mutex,std,1,2,0.168787,10000000,OK
mutex,std,1,3,0.173832,10000000,OK
mutex,std,1,4,0.17254,10000000,OK
mutex,std,2,0,0.84787,10000000,OK
mutex,std,2,1,0.795859,10000000,OK
mutex,std,2,2,0.899629,10000000,OK
mutex,std,2,3,0.962595,10000000,OK
mutex,std,2,4,0.824684,10000000,OK
mutex,std,4,0,0.962328,10000000,OK
mutex,std,4,1,0.939798,10000000,OK
mutex,std,4,2,0.945443,10000000,OK
mutex,std,4,3,0.945669,10000000,OK
mutex,std,4,4,0.92427,10000000,OK
mutex,std,8,0,1.31295,10000000,OK
mutex,std,8,1,1.29907,10000000,OK
mutex,std,8,2,1.30652,10000000,OK
mutex,std,8,3,1.30432,10000000,OK
mutex,std,8,4,1.31688,10000000,OK
mutex,std,12,0,1.23416,10000000,OK
mutex,std,12,1,1.24274,10000000,OK
mutex,std,12,2,1.24733,10000000,OK
mutex,std,12,3,1.24153,10000000,OK
mutex,std,12,4,1.2315,10000000,OK
