method,backend,threads,rep,time_sec,total_count,valid
private,openmp,1,0,0.000588964,1000000,OK
private,openmp,1,1,0.000620228,1000000,OK
private,openmp,1,2,0.000612648,1000000,OK
private,openmp,1,3,0.000653546,1000000,OK
private,openmp,1,4,0.000638914,1000000,OK
private,openmp,2,0,0.000242438,500000,BAD
private,openmp,2,1,0.000372552,500000,BAD
private,openmp,2,2,0.000364356,500000,BAD
private,openmp,2,3,0.000337388,500000,BAD
private,openmp,2,4,0.000374707,500000,BAD
private,openmp,4,0,7.7731e-05,249999,BAD
private,openmp,4,1,9.748e-05,249999,BAD
private,openmp,4,2,0.00014003,249999,BAD
private,openmp,4,3,9.4401e-05,249999,BAD
private,openmp,4,4,0.000104397,249999,BAD
private,openmp,8,0,2.5929e-05,124999,BAD
private,openmp,8,1,3.0073e-05,124999,BAD
private,openmp,8,2,2.7449e-05,124999,BAD
private,openmp,8,3,2.7039e-05,124999,BAD
private,openmp,8,4,2.7533e-05,124999,BAD
private,openmp,12,0,0.00592868,83333,BAD
private,openmp,12,1,0.00596976,83333,BAD
private,openmp,12,2,0.0059919,83333,BAD
private,openmp,12,3,0.00599584,83333,BAD
private,openmp,12,4,0.00598947,83333,BAD
