method,backend,threads,rep,time_sec,total_count,valid
mutex,openmp,1,0,0.172697,10000000,OK
mutex,openmp,1,1,0.171685,10000000,OK
mutex,openmp,1,2,0.168283,10000000,OK
mutex,openmp,1,3,0.167578,10000000,OK
mutex,openmp,1,4,0.166739,10000000,OK
mutex,openmp,2,0,0.895368,10000000,OK
mutex,openmp,2,1,0.758977,10000000,OK
mutex,openmp,2,2,0.933184,10000000,OK
mutex,openmp,2,3,0.915556,10000000,OK
mutex,openmp,2,4,0.839624,10000000,OK
mutex,openmp,4,0,0.89204,10000000,OK
mutex,openmp,4,1,0.915326,10000000,OK
mutex,openmp,4,2,0.90676,10000000,OK
mutex,openmp,4,3,0.907455,10000000,OK
mutex,openmp,4,4,0.930479,10000000,OK
mutex,openmp,8,0,1.37919,10000000,OK
mutex,openmp,8,1,1.38161,10000000,OK
mutex,openmp,8,2,1.38295,10000000,OK
mutex,openmp,8,3,1.36389,10000000,OK
mutex,openmp,8,4,1.40537,10000000,OK
mutex,openmp,12,0,1.39233,10000000,OK
mutex,openmp,12,1,1.41969,10000000,OK
mutex,openmp,12,2,1.42252,10000000,OK
mutex,openmp,12,3,1.41474,10000000,OK
mutex,openmp,12,4,1.42226,10000000,OK
