method,backend,threads,rep,time_sec,total_count,valid
mutex,std,1,0,1.54176,100000000,OK
mutex,std,1,1,1.55501,100000000,OK
mutex,std,1,2,1.5871,100000000,OK
mutex,std,1,3,1.63163,100000000,OK
mutex,std,1,4,1.52771,100000000,OK
mutex,std,2,0,8.18321,100000000,OK
mutex,std,2,1,8.26416,100000000,OK
mutex,std,2,2,8.94789,100000000,OK
mutex,std,2,3,8.3323,100000000,OK
mutex,std,2,4,7.52309,100000000,OK
mutex,std,4,0,6.62331,100000000,OK
mutex,std,4,1,7.00513,100000000,OK
mutex,std,4,2,6.97205,100000000,OK
mutex,std,4,3,6.71283,100000000,OK
mutex,std,4,4,7.04122,100000000,OK
mutex,std,8,0,10.6701,100000000,OK
mutex,std,8,1,10.8402,100000000,OK
mutex,std,8,2,10.778,100000000,OK
mutex,std,8,3,10.7728,100000000,OK
mutex,std,8,4,10.6903,100000000,OK
mutex,std,12,0,11.0432,100000000,OK
mutex,std,12,1,11.0113,100000000,OK
mutex,std,12,2,11.1013,100000000,OK
mutex,std,12,3,11.1476,100000000,OK
mutex,std,12,4,11.0848,100000000,OK
