method,backend,threads,rep,time_sec,total_count,valid
private,std,1,0,0.00569749,10000000,OK
private,std,1,1,0.00562774,10000000,OK
private,std,1,2,0.00555955,10000000,OK
private,std,2,0,0.00643654,10000000,OK
private,std,2,1,0.00481996,10000000,OK
private,std,2,2,0.00511591,10000000,OK
private,std,4,0,0.00420443,10000000,OK
private,std,4,1,0.00419793,10000000,OK
private,std,4,2,0.00410287,10000000,OK
private,std,8,0,0.00345634,10000000,OK
private,std,8,1,0.00217499,10000000,OK
private,std,8,2,0.00201181,10000000,OK
private,std,12,0,0.00235928,10000000,OK
private,std,12,1,0.00234566,10000000,OK
private,std,12,2,0.00220313,10000000,OK
