method,backend,threads,rep,time_sec,total_count,valid
private,std,1,0,0.000670835,1000000,OK
private,std,1,1,0.000631561,1000000,OK
private,std,1,2,0.000558637,1000000,OK
private,std,2,0,0.000733029,1000000,OK
private,std,2,1,0.000368235,1000000,OK
private,std,2,2,0.000346961,1000000,OK
private,std,4,0,0.000381545,1000000,OK
private,std,4,1,0.000401276,1000000,OK
private,std,4,2,0.000336578,1000000,OK
private,std,8,0,0.000358791,1000000,OK
private,std,8,1,0.000316778,1000000,OK
private,std,8,2,0.000299161,1000000,OK
private,std,12,0,0.00045907,1000000,OK
private,std,12,1,0.00034742,1000000,OK
private,std,12,2,0.000324217,1000000,OK
