method,backend,threads,rep,time_sec,total_count,valid
atomic,std,1,0,0.00578496,1000000,OK
atomic,std,1,1,0.00515317,1000000,OK
atomic,std,1,2,0.00565188,1000000,OK
atomic,std,2,0,0.0179764,1000000,OK
atomic,std,2,1,0.0187167,1000000,OK
atomic,std,2,2,0.018379,1000000,OK
atomic,std,4,0,0.015894,1000000,OK
atomic,std,4,1,0.0164159,1000000,OK
atomic,std,4,2,0.0177992,1000000,OK
atomic,std,8,0,0.0154732,1000000,OK
atomic,std,8,1,0.0148998,1000000,OK
atomic,std,8,2,0.014947,1000000,OK
atomic,std,12,0,0.0205408,1000000,OK
atomic,std,12,1,0.0187597,1000000,OK
atomic,std,12,2,0.0190805,1000000,OK
