method,backend,threads,rep,time_sec,total_count,valid
private,std,1,0,0.0174018,10000000,OK
private,std,1,1,0.0170632,10000000,OK
private,std,1,2,0.0172904,10000000,OK
private,std,1,3,0.0167661,10000000,OK
private,std,1,4,0.0175743,10000000,OK
private,std,2,0,0.00966648,10000000,OK
private,std,2,1,0.00944789,10000000,OK
private,std,2,2,0.00957803,10000000,OK
private,std,2,3,0.00987795,10000000,OK
private,std,2,4,0.00923248,10000000,OK
private,std,4,0,0.00545776,10000000,OK
private,std,4,1,0.00640485,10000000,OK
private,std,4,2,0.00512155,10000000,OK
private,std,4,3,0.00582757,10000000,OK
private,std,4,4,0.0109484,10000000,OK
private,std,8,0,0.00783649,10000000,OK
private,std,8,1,0.00714591,10000000,OK
private,std,8,2,0.0080498,10000000,OK
private,std,8,3,0.00711782,10000000,OK
private,std,8,4,0.00752037,10000000,OK
private,std,12,0,0.0131828,10000000,OK
private,std,12,1,0.0147218,10000000,OK
private,std,12,2,0.0132702,10000000,OK
private,std,12,3,0.0121782,10000000,OK
private,std,12,4,0.0149871,10000000,OK
