method,backend,threads,rep,time_sec,total_count,valid
mutex,openmp,1,0,0.157476,10000000,OK
mutex,openmp,1,1,0.153919,10000000,OK
mutex,openmp,1,2,0.16495,10000000,OK
mutex,openmp,1,3,0.153343,10000000,OK
mutex,openmp,1,4,0.15449,10000000,OK
mutex,openmp,2,0,0.68822,10000000,OK
mutex,openmp,2,1,0.577691,10000000,OK
mutex,openmp,2,2,0.720312,10000000,OK
mutex,openmp,2,3,0.656681,10000000,OK
mutex,openmp,2,4,0.595223,10000000,OK
mutex,openmp,4,0,0.689925,10000000,OK
mutex,openmp,4,1,0.697092,10000000,OK
mutex,openmp,4,2,0.68719,10000000,OK
mutex,openmp,4,3,0.669222,10000000,OK
mutex,openmp,4,4,0.710051,10000000,OK
mutex,openmp,8,0,1.05492,10000000,OK
mutex,openmp,8,1,1.08547,10000000,OK
mutex,openmp,8,2,1.1344,10000000,OK
mutex,openmp,8,3,1.14346,10000000,OK
mutex,openmp,8,4,1.1537,10000000,OK
mutex,openmp,12,0,1.03228,10000000,OK
mutex,openmp,12,1,1.04038,10000000,OK
mutex,openmp,12,2,1.03915,10000000,OK
mutex,openmp,12,3,1.03911,10000000,OK
mutex,openmp,12,4,1.03958,10000000,OK
