method,backend,threads,rep,time_sec,total_count,valid
atomic,std,1,0,0.0103038,1000000,OK
atomic,std,1,1,0.00898058,1000000,OK
atomic,std,1,2,0.00929212,1000000,OK
atomic,std,2,0,0.00744785,1000000,OK
atomic,std,2,1,0.00749118,1000000,OK
atomic,std,2,2,0.00689637,1000000,OK
atomic,std,4,0,0.00436856,1000000,OK
atomic,std,4,1,0.00437011,1000000,OK
atomic,std,4,2,0.006606,1000000,OK
atomic,std,8,0,0.00357767,1000000,OK
atomic,std,8,1,0.00401727,1000000,OK
atomic,std,8,2,0.00369354,1000000,OK
atomic,std,12,0,0.00333047,1000000,OK
atomic,std,12,1,0.00350279,1000000,OK
atomic,std,12,2,0.00448494,1000000,OK
