method,backend,threads,rep,time_sec,total_count,valid
atomic,std,1,0,0.00521871,1000000,OK
atomic,std,1,1,0.00515298,1000000,OK
atomic,std,1,2,0.0050832,1000000,OK
atomic,std,2,0,0.00874276,1000000,OK
atomic,std,2,1,0.00819742,1000000,OK
atomic,std,2,2,0.0087234,1000000,OK
atomic,std,4,0,0.00713773,1000000,OK
atomic,std,4,1,0.00701377,1000000,OK
atomic,std,4,2,0.00691335,1000000,OK
atomic,std,8,0,0.00694428,1000000,OK
atomic,std,8,1,0.0067105,1000000,OK
atomic,std,8,2,0.00683012,1000000,OK
atomic,std,12,0,0.00668893,1000000,OK
atomic,std,12,1,0.0120613,1000000,OK
atomic,std,12,2,0.00756288,1000000,OK
