method,backend,threads,rep,time_sec,total_count,valid
private,std,1,0,0.000941888,1000000,OK
private,std,1,1,0.000922821,1000000,OK
private,std,1,2,0.00090738,1000000,OK
private,std,2,0,0.000469555,1000000,OK
private,std,2,1,0.000806861,1000000,OK
private,std,2,2,0.000478116,1000000,OK
private,std,4,0,0.000506193,1000000,OK
private,std,4,1,0.000429926,1000000,OK
private,std,4,2,0.000470626,1000000,OK
private,std,8,0,0.0010787,1000000,OK
private,std,8,1,0.000801842,1000000,OK
private,std,8,2,0.00218815,1000000,OK
private,std,12,0,0.000418768,1000000,OK
private,std,12,1,0.000525507,1000000,OK
private,std,12,2,0.00048362,1000000,OK
