method,backend,threads,rep,time_sec,total_count,valid
private,std,1,0,0.000628098,1000000,OK
private,std,1,1,0.000645881,1000000,OK
private,std,1,2,0.000603707,1000000,OK
private,std,2,0,0.000737381,1000000,OK
private,std,2,1,0.000650535,1000000,OK
private,std,2,2,0.000499629,1000000,OK
private,std,4,0,0.000447893,1000000,OK
private,std,4,1,0.000403528,1000000,OK
private,std,4,2,0.000410873,1000000,OK
private,std,8,0,0.000408158,1000000,OK
private,std,8,1,0.000394053,1000000,OK
private,std,8,2,0.000393421,1000000,OK
private,std,12,0,0.000343733,1000000,OK
private,std,12,1,0.00030244,1000000,OK
private,std,12,2,0.000305029,1000000,OK
