method,backend,threads,rep,time_sec,total_count,valid
private,openmp,1,0,0.00106099,1000000,OK
private,openmp,1,1,0.00107653,1000000,OK
private,openmp,1,2,0.000641808,1000000,OK
private,openmp,1,3,0.00061161,1000000,OK
private,openmp,1,4,0.000565374,1000000,OK
private,openmp,2,0,0.000307194,500000,BAD
private,openmp,2,1,0.000571247,500000,BAD
private,openmp,2,2,0.000459218,500000,BAD
private,openmp,2,3,0.000405721,500000,BAD
private,openmp,2,4,0.000537002,500000,BAD
private,openmp,4,0,0.000133073,249999,BAD
private,openmp,4,1,0.000140335,249999,BAD
private,openmp,4,2,0.000202452,249999,BAD
private,openmp,4,3,0.000101862,249999,BAD
private,openmp,4,4,0.000131477,249999,BAD
private,openmp,8,0,2.4717e-05,124999,BAD
private,openmp,8,1,3.0211e-05,124999,BAD
private,openmp,8,2,2.6295e-05,124999,BAD
private,openmp,8,3,2.8968e-05,124999,BAD
private,openmp,8,4,2.7817e-05,124999,BAD
private,openmp,12,0,0.00544153,83333,BAD
private,openmp,12,1,0.0042739,83333,BAD
private,openmp,12,2,0.00288472,83333,BAD
private,openmp,12,3,0.00408532,83333,BAD
private,openmp,12,4,0.0129007,83333,BAD
