method,backend,threads,rep,time_sec,total_count,valid
atomic,std,1,0,0.0896159,10000000,OK
atomic,std,1,1,0.0857005,10000000,OK
atomic,std,1,2,0.0851887,10000000,OK
atomic,std,2,0,0.0838325,10000000,OK
atomic,std,2,1,0.0681452,10000000,OK
atomic,std,2,2,0.0678114,10000000,OK
atomic,std,4,0,0.0428925,10000000,OK
atomic,std,4,1,0.0425429,10000000,OK
atomic,std,4,2,0.0440597,10000000,OK
atomic,std,8,0,0.0342856,10000000,OK
atomic,std,8,1,0.0343315,10000000,OK
atomic,std,8,2,0.0343192,10000000,OK
atomic,std,12,0,0.0340896,10000000,OK
atomic,std,12,1,0.030189,10000000,OK
atomic,std,12,2,0.0292351,10000000,OK
