method,backend,threads,rep,time_sec,total_count,valid
atomic,std,1,0,0.0586299,10000000,OK
atomic,std,1,1,0.0584947,10000000,OK
atomic,std,1,2,0.0583392,10000000,OK
atomic,std,2,0,0.120826,10000000,OK
atomic,std,2,1,0.115164,10000000,OK
atomic,std,2,2,0.1182,10000000,OK
atomic,std,4,0,0.204113,10000000,OK
atomic,std,4,1,0.209589,10000000,OK
atomic,std,4,2,0.215381,10000000,OK
atomic,std,8,0,0.180644,10000000,OK
atomic,std,8,1,0.18799,10000000,OK
atomic,std,8,2,0.190766,10000000,OK
atomic,std,12,0,0.162227,10000000,OK
atomic,std,12,1,0.155592,10000000,OK
atomic,std,12,2,0.162968,10000000,OK
