method,backend,threads,rep,time_sec,total_count,valid
private,std,1,0,0.000617902,1000000,OK
private,std,1,1,0.000600823,1000000,OK
private,std,1,2,0.000540643,1000000,OK
private,std,1,3,0.000590348,1000000,OK
private,std,1,4,0.000592968,1000000,OK
private,std,2,0,0.000601514,1000000,OK
private,std,2,1,0.000580619,1000000,OK
private,std,2,2,0.000425992,1000000,OK
private,std,2,3,0.000476699,1000000,OK
private,std,2,4,0.000471731,1000000,OK
private,std,4,0,0.000468881,1000000,OK
private,std,4,1,0.000506462,1000000,OK
private,std,4,2,0.000424756,1000000,OK
private,std,4,3,0.000460344,1000000,OK
private,std,4,4,0.000379422,1000000,OK
private,std,8,0,0.000288145,1000000,OK
private,std,8,1,0.000272277,1000000,OK
private,std,8,2,0.000257483,1000000,OK
private,std,8,3,0.000272283,1000000,OK
private,std,8,4,0.000245834,1000000,OK
private,std,12,0,0.000306541,1000000,OK
private,std,12,1,0.000326428,1000000,OK
private,std,12,2,0.0003008,1000000,OK
private,std,12,3,0.000307556,1000000,OK
private,std,12,4,0.000383689,1000000,OK
