method,backend,threads,rep,time_sec,total_count,valid
private,std,1,0,0.000554854,1000000,OK
private,std,1,1,0.000723753,1000000,OK
private,std,1,2,0.000596838,1000000,OK
private,std,2,0,0.000535583,1000000,OK
private,std,2,1,0.000389404,1000000,OK
private,std,2,2,0.000541347,1000000,OK
private,std,4,0,0.000372505,1000000,OK
private,std,4,1,0.000543745,1000000,OK
private,std,4,2,0.000407321,1000000,OK
private,std,8,0,0.000263397,1000000,OK
private,std,8,1,0.000253598,1000000,OK
private,std,8,2,0.000264673,1000000,OK
private,std,12,0,0.000308621,1000000,OK
private,std,12,1,0.000283161,1000000,OK
private,std,12,2,0.000290991,1000000,OK
