method,backend,threads,rep,time_sec,total_count,valid
private,openmp,1,0,0.00845854,10000000,OK
private,openmp,1,1,0.00826837,10000000,OK
private,openmp,1,2,0.00839535,10000000,OK
private,openmp,1,3,0.00833872,10000000,OK
private,openmp,1,4,0.00829689,10000000,OK
private,openmp,2,0,0.002172,5000000,BAD
private,openmp,2,1,0.00214548,5000000,BAD
private,openmp,2,2,0.00215618,5000000,BAD
private,openmp,2,3,0.00230235,5000000,BAD
private,openmp,2,4,0.00212786,5000000,BAD
private,openmp,4,0,0.00171993,2499999,BAD
private,openmp,4,1,0.00171636,2499999,BAD
private,openmp,4,2,0.00163749,2499999,BAD
private,openmp,4,3,0.00162448,2499999,BAD
private,openmp,4,4,0.0016358,2499999,BAD
private,openmp,8,0,0.000740761,1249999,BAD
private,openmp,8,1,0.000736544,1249999,BAD
private,openmp,8,2,0.00073839,1249999,BAD
private,openmp,8,3,0.000744974,1249999,BAD
private,openmp,8,4,0.000765975,1249999,BAD
private,openmp,12,0,0.00605135,833333,BAD
private,openmp,12,1,0.00597172,833333,BAD
private,openmp,12,2,0.00615624,833333,BAD
private,openmp,12,3,0.0058405,833333,BAD
private,openmp,12,4,0.00598642,833333,BAD
