method,backend,threads,rep,time_sec,total_count,valid
private,std,1,0,0.143346,100000000,OK
private,std,1,1,0.148032,100000000,OK
private,std,1,2,0.14616,100000000,OK
private,std,2,0,0.0781957,100000000,OK
private,std,2,1,0.0769629,100000000,OK
private,std,2,2,0.0745618,100000000,OK
private,std,4,0,0.0416602,100000000,OK
private,std,4,1,0.0419297,100000000,OK
private,std,4,2,0.0421018,100000000,OK
private,std,8,0,0.0543908,100000000,OK
private,std,8,1,0.0536188,100000000,OK
private,std,8,2,0.0542352,100000000,OK
private,std,12,0,0.0475186,100000000,OK
private,std,12,1,0.0423645,100000000,OK
private,std,12,2,0.0454424,100000000,OK
