method,backend,threads,rep,time_sec,total_count,valid
mutex,std,1,0,0.154386,10000000,OK
mutex,std,1,1,0.152874,10000000,OK
mutex,std,1,2,0.157418,10000000,OK
mutex,std,1,3,0.157453,10000000,OK
mutex,std,1,4,0.167764,10000000,OK
mutex,std,2,0,0.669979,10000000,OK
mutex,std,2,1,0.921427,10000000,OK
mutex,std,2,2,0.708665,10000000,OK
mutex,std,2,3,0.691811,10000000,OK
mutex,std,2,4,0.726012,10000000,OK
mutex,std,4,0,0.905766,10000000,OK
mutex,std,4,1,0.910563,10000000,OK
mutex,std,4,2,0.891098,10000000,OK
mutex,std,4,3,0.914894,10000000,OK
mutex,std,4,4,0.934134,10000000,OK
mutex,std,8,0,1.36969,10000000,OK
mutex,std,8,1,1.37578,10000000,OK
mutex,std,8,2,1.37134,10000000,OK
mutex,std,8,3,1.32628,10000000,OK
mutex,std,8,4,1.28111,10000000,OK
mutex,std,12,0,1.42844,10000000,OK
mutex,std,12,1,1.43004,10000000,OK
mutex,std,12,2,1.42437,10000000,OK
mutex,std,12,3,1.41077,10000000,OK
mutex,std,12,4,1.40956,10000000,OK
