method,backend,threads,rep,time_sec,total_count,valid
private,std,1,0,0.00539752,10000000,OK
private,std,1,1,0.0052898,10000000,OK
private,std,1,2,0.00571397,10000000,OK
private,std,2,0,0.00595726,10000000,OK
private,std,2,1,0.00442272,10000000,OK
private,std,2,2,0.00412217,10000000,OK
private,std,4,0,0.0040468,10000000,OK
private,std,4,1,0.00409372,10000000,OK
private,std,4,2,0.00421158,10000000,OK
private,std,8,0,0.0020559,10000000,OK
private,std,8,1,0.00209865,10000000,OK
private,std,8,2,0.00193453,10000000,OK
private,std,12,0,0.00217556,10000000,OK
private,std,12,1,0.00240583,10000000,OK
private,std,12,2,0.0021636,10000000,OK
