method,backend,threads,rep,time_sec,total_count,valid
atomic,std,1,0,0.00534136,1000000,OK
atomic,std,1,1,0.00506072,1000000,OK
atomic,std,1,2,0.00507166,1000000,OK
atomic,std,2,0,0.00898483,1000000,OK
atomic,std,2,1,0.00919815,1000000,OK
atomic,std,2,2,0.00843387,1000000,OK
atomic,std,4,0,0.0069031,1000000,OK
atomic,std,4,1,0.00734654,1000000,OK
atomic,std,4,2,0.00709977,1000000,OK
atomic,std,8,0,0.00696521,1000000,OK
atomic,std,8,1,0.00691597,1000000,OK
atomic,std,8,2,0.00724937,1000000,OK
atomic,std,12,0,0.00681205,1000000,OK
atomic,std,12,1,0.00683957,1000000,OK
atomic,std,12,2,0.00610999,1000000,OK
