method,backend,threads,rep,time_sec,total_count,valid
atomic,std,1,0,0.00501591,1000000,OK
atomic,std,1,1,0.00495221,1000000,OK
atomic,std,1,2,0.00495597,1000000,OK
atomic,std,2,0,0.00844991,1000000,OK
atomic,std,2,1,0.00847084,1000000,OK
atomic,std,2,2,0.0085067,1000000,OK
atomic,std,4,0,0.00662399,1000000,OK
atomic,std,4,1,0.00656679,1000000,OK
atomic,std,4,2,0.00651464,1000000,OK
atomic,std,8,0,0.00579743,1000000,OK
atomic,std,8,1,0.00635284,1000000,OK
atomic,std,8,2,0.00645287,1000000,OK
atomic,std,12,0,0.00584325,1000000,OK
atomic,std,12,1,0.00599527,1000000,OK
atomic,std,12,2,0.00581141,1000000,OK
