method,backend,threads,rep,time_sec,total_count,valid
mutex,std,1,0,0.0172093,1000000,OK
mutex,std,1,1,0.0165169,1000000,OK
mutex,std,1,2,0.0187162,1000000,OK
mutex,std,1,3,0.016678,1000000,OK
mutex,std,1,4,0.016766,1000000,OK
mutex,std,2,0,0.0625403,1000000,OK
mutex,std,2,1,0.0799617,1000000,OK
mutex,std,2,2,0.0629044,1000000,OK
mutex,std,2,3,0.081073,1000000,OK
mutex,std,2,4,0.061575,1000000,OK
mutex,std,4,0,0.0923494,1000000,OK
mutex,std,4,1,0.0913108,1000000,OK
mutex,std,4,2,0.0894781,1000000,OK
mutex,std,4,3,0.0888304,1000000,OK
mutex,std,4,4,0.0908455,1000000,OK
mutex,std,8,0,0.120881,1000000,OK
mutex,std,8,1,0.122133,1000000,OK
mutex,std,8,2,0.119706,1000000,OK
mutex,std,8,3,0.117192,1000000,OK
mutex,std,8,4,0.120187,1000000,OK
mutex,std,12,0,0.120453,1000000,OK
mutex,std,12,1,0.123904,1000000,OK
mutex,std,12,2,0.123188,1000000,OK
mutex,std,12,3,0.123731,1000000,OK
mutex,std,12,4,0.122517,1000000,OK
