method,backend,threads,rep,time_sec,total_count,valid
atomic,std,1,0,0.00527144,1000000,OK
atomic,std,1,1,0.00507938,1000000,OK
atomic,std,1,2,0.00514185,1000000,OK
atomic,std,1,3,0.00515694,1000000,OK
atomic,std,1,4,0.0050058,1000000,OK
atomic,std,2,0,0.0088949,1000000,OK
atomic,std,2,1,0.00854531,1000000,OK
atomic,std,2,2,0.00859685,1000000,OK
atomic,std,2,3,0.00855308,1000000,OK
atomic,std,2,4,0.00864893,1000000,OK
atomic,std,4,0,0.00670248,1000000,OK
atomic,std,4,1,0.00663639,1000000,OK
atomic,std,4,2,0.00664186,1000000,OK
atomic,std,4,3,0.00651376,1000000,OK
atomic,std,4,4,0.00704542,1000000,OK
atomic,std,8,0,0.00592049,1000000,OK
atomic,std,8,1,0.00724892,1000000,OK
atomic,std,8,2,0.00591734,1000000,OK
atomic,std,8,3,0.00618154,1000000,OK
atomic,std,8,4,0.00625797,1000000,OK
atomic,std,12,0,0.00617485,1000000,OK
atomic,std,12,1,0.00614352,1000000,OK
atomic,std,12,2,0.00533495,1000000,OK
atomic,std,12,3,0.00685035,1000000,OK
atomic,std,12,4,0.00637172,1000000,OK
