method,backend,threads,rep,time_sec,total_count,valid
atomic,std,1,0,0.528394,100000000,OK
atomic,std,1,1,0.530962,100000000,OK
atomic,std,1,2,0.530456,100000000,OK
atomic,std,2,0,0.878012,100000000,OK
atomic,std,2,1,0.941893,100000000,OK
atomic,std,2,2,0.878549,100000000,OK
atomic,std,4,0,0.743855,100000000,OK
atomic,std,4,1,0.725824,100000000,OK
atomic,std,4,2,0.728885,100000000,OK
atomic,std,8,0,0.63963,100000000,OK
atomic,std,8,1,0.637511,100000000,OK
atomic,std,8,2,0.661678,100000000,OK
atomic,std,12,0,0.577928,100000000,OK
atomic,std,12,1,0.509897,100000000,OK
atomic,std,12,2,0.581807,100000000,OK
