method,backend,threads,rep,time_sec,total_count,valid
mutex,std,1,0,0.159842,10000000,OK
mutex,std,1,1,0.164924,10000000,OK
mutex,std,1,2,0.162568,10000000,OK
mutex,std,1,3,0.156746,10000000,OK
mutex,std,1,4,0.155633,10000000,OK
mutex,std,2,0,0.819396,10000000,OK
mutex,std,2,1,0.881985,10000000,OK
mutex,std,2,2,0.945682,10000000,OK
mutex,std,2,3,0.958151,10000000,OK
mutex,std,2,4,1.01686,10000000,OK
mutex,std,4,0,0.612535,10000000,OK
mutex,std,4,1,0.658592,10000000,OK
mutex,std,4,2,0.658461,10000000,OK
mutex,std,4,3,0.590402,10000000,OK
mutex,std,4,4,0.576456,10000000,OK
mutex,std,8,0,1.18561,10000000,OK
mutex,std,8,1,1.15321,10000000,OK
mutex,std,8,2,1.16524,10000000,OK
mutex,std,8,3,1.1765,10000000,OK
mutex,std,8,4,1.20142,10000000,OK
mutex,std,12,0,1.17832,10000000,OK
mutex,std,12,1,1.19312,10000000,OK
mutex,std,12,2,1.1872,10000000,OK
mutex,std,12,3,1.19057,10000000,OK
mutex,std,12,4,1.19023,10000000,OK
