method,backend,threads,rep,time_sec,total_count,valid
private,std,1,0,0.0020359,1000000,OK
private,std,1,1,0.00207154,1000000,OK
private,std,1,2,0.00194129,1000000,OK
private,std,2,0,0.00146419,1000000,OK
private,std,2,1,0.00132752,1000000,OK
private,std,2,2,0.00124132,1000000,OK
private,std,4,0,0.00144329,1000000,OK
private,std,4,1,0.00129437,1000000,OK
private,std,4,2,0.00140124,1000000,OK
private,std,8,0,0.00269223,1000000,OK
private,std,8,1,0.00218528,1000000,OK
private,std,8,2,0.00207532,1000000,OK
private,std,12,0,0.00319622,1000000,OK
private,std,12,1,0.00298823,1000000,OK
private,std,12,2,0.00374372,1000000,OK
