method,backend,threads,rep,time_sec,total_count,valid
atomic,std,1,0,0.00545675,1000000,OK
atomic,std,1,1,0.00539532,1000000,OK
atomic,std,1,2,0.00541263,1000000,OK
atomic,std,2,0,0.0181453,1000000,OK
atomic,std,2,1,0.0182609,1000000,OK
atomic,std,2,2,0.017819,1000000,OK
atomic,std,4,0,0.0194628,1000000,OK
atomic,std,4,1,0.0195868,1000000,OK
atomic,std,4,2,0.0196143,1000000,OK
atomic,std,8,0,0.0151837,1000000,OK
atomic,std,8,1,0.0146424,1000000,OK
atomic,std,8,2,0.0145221,1000000,OK
atomic,std,12,0,0.0149418,1000000,OK
atomic,std,12,1,0.0146518,1000000,OK
atomic,std,12,2,0.014859,1000000,OK
