method,backend,threads,rep,time_sec,total_count,valid
atomic,std,1,0,0.868704,100000000,OK
atomic,std,1,1,0.946692,100000000,OK
atomic,std,1,2,0.931181,100000000,OK
atomic,std,2,0,0.656956,100000000,OK
atomic,std,2,1,0.671075,100000000,OK
atomic,std,2,2,0.652033,100000000,OK
atomic,std,4,0,0.398699,100000000,OK
atomic,std,4,1,0.401568,100000000,OK
atomic,std,4,2,0.401624,100000000,OK
atomic,std,8,0,0.330386,100000000,OK
atomic,std,8,1,0.404413,100000000,OK
atomic,std,8,2,0.331124,100000000,OK
atomic,std,12,0,0.262293,100000000,OK
atomic,std,12,1,0.271043,100000000,OK
atomic,std,12,2,0.267109,100000000,OK
