method,backend,threads,rep,time_sec,total_count,valid
private,std,1,0,0.00211856,1000000,OK
private,std,1,1,0.00204104,1000000,OK
private,std,1,2,0.001894,1000000,OK
private,std,1,3,0.00164236,1000000,OK
private,std,1,4,0.00173088,1000000,OK
private,std,2,0,0.00136923,1000000,OK
private,std,2,1,0.00142487,1000000,OK
private,std,2,2,0.0017758,1000000,OK
private,std,2,3,0.00156151,1000000,OK
private,std,2,4,0.00141167,1000000,OK
private,std,4,0,0.0012921,1000000,OK
private,std,4,1,0.00126557,1000000,OK
private,std,4,2,0.00116936,1000000,OK
private,std,4,3,0.00123163,1000000,OK
private,std,4,4,0.00126952,1000000,OK
private,std,8,0,0.00250639,1000000,OK
private,std,8,1,0.00202847,1000000,OK
private,std,8,2,0.00225691,1000000,OK
private,std,8,3,0.00257985,1000000,OK
private,std,8,4,0.0021878,1000000,OK
private,std,12,0,0.00368008,1000000,OK
private,std,12,1,0.00293936,1000000,OK
private,std,12,2,0.0033096,1000000,OK
private,std,12,3,0.00322695,1000000,OK
private,std,12,4,0.00320893,1000000,OK
