method,backend,threads,rep,time_sec,total_count,valid
private,std,1,0,0.0854023,100000000,OK
private,std,1,1,0.0969422,100000000,OK
private,std,1,2,0.104597,100000000,OK
private,std,2,0,0.043361,100000000,OK
private,std,2,1,0.0786724,100000000,OK
private,std,2,2,0.0434301,100000000,OK
private,std,4,0,0.0477349,100000000,OK
private,std,4,1,0.0398659,100000000,OK
private,std,4,2,0.0470508,100000000,OK
private,std,8,0,0.0321344,100000000,OK
private,std,8,1,0.0303203,100000000,OK
private,std,8,2,0.0291975,100000000,OK
private,std,12,0,0.0247517,100000000,OK
private,std,12,1,0.0214083,100000000,OK
private,std,12,2,0.0256003,100000000,OK
