method,backend,threads,rep,time_sec,total_count,valid
atomic,std,1,0,0.0577967,10000000,OK
atomic,std,1,1,0.0577948,10000000,OK
atomic,std,1,2,0.0572715,10000000,OK
atomic,std,2,0,0.196757,10000000,OK
atomic,std,2,1,0.214878,10000000,OK
atomic,std,2,2,0.173507,10000000,OK
atomic,std,4,0,0.204783,10000000,OK
atomic,std,4,1,0.203204,10000000,OK
atomic,std,4,2,0.211873,10000000,OK
atomic,std,8,0,0.152075,10000000,OK
atomic,std,8,1,0.162903,10000000,OK
atomic,std,8,2,0.161595,10000000,OK
atomic,std,12,0,0.169254,10000000,OK
atomic,std,12,1,0.176768,10000000,OK
atomic,std,12,2,0.165731,10000000,OK
