method,backend,threads,rep,time_sec,total_count,valid
atomic,openmp,1,0,0.00508177,1000000,OK
atomic,openmp,1,1,0.00515639,1000000,OK
atomic,openmp,1,2,0.00517982,1000000,OK
atomic,openmp,1,3,0.00510684,1000000,OK
atomic,openmp,1,4,0.00498038,1000000,OK
atomic,openmp,2,0,0.00794433,1000000,OK
atomic,openmp,2,1,0.00789655,1000000,OK
atomic,openmp,2,2,0.00807051,1000000,OK
atomic,openmp,2,3,0.00803648,1000000,OK
atomic,openmp,2,4,0.00802223,1000000,OK
atomic,openmp,4,0,0.00608051,1000000,OK
atomic,openmp,4,1,0.00638703,1000000,OK
atomic,openmp,4,2,0.00594707,1000000,OK
atomic,openmp,4,3,0.00610475,1000000,OK
atomic,openmp,4,4,0.00610859,1000000,OK
atomic,openmp,8,0,0.00628215,1000000,OK
atomic,openmp,8,1,0.00628562,1000000,OK
atomic,openmp,8,2,0.0062378,1000000,OK
atomic,openmp,8,3,0.00628687,1000000,OK
atomic,openmp,8,4,0.00622229,1000000,OK
atomic,openmp,12,0,0.0100828,1000000,OK
atomic,openmp,12,1,0.00909074,1000000,OK
atomic,openmp,12,2,0.00900603,1000000,OK
atomic,openmp,12,3,0.00868136,1000000,OK
atomic,openmp,12,4,0.00909779,1000000,OK
