method,backend,threads,rep,time_sec,total_count,valid
private,openmp,1,0,0.0163382,10000000,OK
private,openmp,1,1,0.0159748,10000000,OK
private,openmp,1,2,0.0159776,10000000,OK
private,openmp,1,3,0.0158398,10000000,OK
private,openmp,1,4,0.0167948,10000000,OK
private,openmp,2,0,0.00613537,5000000,BAD
private,openmp,2,1,0.00440654,5000000,BAD
private,openmp,2,2,0.00411904,5000000,BAD
private,openmp,2,3,0.00508558,5000000,BAD
private,openmp,2,4,0.00497777,5000000,BAD
private,openmp,4,0,0.00291963,2499999,BAD
private,openmp,4,1,0.00219138,2499999,BAD
private,openmp,4,2,0.00125599,2499999,BAD
private,openmp,4,3,0.00127645,2499999,BAD
private,openmp,4,4,0.00142919,2499999,BAD
private,openmp,8,0,0.00186971,1249999,BAD
private,openmp,8,1,0.0018363,1249999,BAD
private,openmp,8,2,0.00110888,1249999,BAD
private,openmp,8,3,0.00101716,1249999,BAD
private,openmp,8,4,0.00119745,1249999,BAD
private,openmp,12,0,0.0065252,833333,BAD
private,openmp,12,1,0.00645965,833333,BAD
private,openmp,12,2,0.00509143,833333,BAD
private,openmp,12,3,0.00660082,833333,BAD
private,openmp,12,4,0.0052197,833333,BAD
