method,backend,threads,rep,time_sec,total_count,valid
atomic,openmp,1,0,0.0858019,10000000,OK
atomic,openmp,1,1,0.0853134,10000000,OK
atomic,openmp,1,2,0.0854101,10000000,OK
atomic,openmp,1,3,0.0873097,10000000,OK
atomic,openmp,1,4,0.0879738,10000000,OK
atomic,openmp,2,0,0.0712459,10000000,OK
atomic,openmp,2,1,0.0691543,10000000,OK
atomic,openmp,2,2,0.0704961,10000000,OK
atomic,openmp,2,3,0.0700923,10000000,OK
atomic,openmp,2,4,0.0709586,10000000,OK
atomic,openmp,4,0,0.0535439,10000000,OK
atomic,openmp,4,1,0.0477563,10000000,OK
atomic,openmp,4,2,0.0414872,10000000,OK
atomic,openmp,4,3,0.0419178,10000000,OK
atomic,openmp,4,4,0.0420561,10000000,OK
atomic,openmp,8,0,0.0340597,10000000,OK
atomic,openmp,8,1,0.0344072,10000000,OK
atomic,openmp,8,2,0.0342038,10000000,OK
atomic,openmp,8,3,0.0343164,10000000,OK
atomic,openmp,8,4,0.0339588,10000000,OK
atomic,openmp,12,0,0.0371362,10000000,OK
atomic,openmp,12,1,0.0362968,10000000,OK
atomic,openmp,12,2,0.0362018,10000000,OK
atomic,openmp,12,3,0.0359961,10000000,OK
atomic,openmp,12,4,0.0327909,10000000,OK
