method,backend,threads,rep,time_sec,total_count,valid
mutex,openmp,1,0,0.170658,10000000,OK
mutex,openmp,1,1,0.163727,10000000,OK
mutex,openmp,1,2,0.165382,10000000,OK
mutex,openmp,1,3,0.163185,10000000,OK
mutex,openmp,1,4,0.16082,10000000,OK
mutex,openmp,2,0,0.798988,10000000,OK
mutex,openmp,2,1,0.820469,10000000,OK
mutex,openmp,2,2,0.808178,10000000,OK
mutex,openmp,2,3,0.76878,10000000,OK
mutex,openmp,2,4,0.768989,10000000,OK
mutex,openmp,4,0,0.894719,10000000,OK
mutex,openmp,4,1,0.95051,10000000,OK
mutex,openmp,4,2,0.93621,10000000,OK
mutex,openmp,4,3,0.901666,10000000,OK
mutex,openmp,4,4,0.917798,10000000,OK
mutex,openmp,8,0,1.25907,10000000,OK
mutex,openmp,8,1,1.24536,10000000,OK
mutex,openmp,8,2,1.2449,10000000,OK
mutex,openmp,8,3,1.23834,10000000,OK
mutex,openmp,8,4,1.27114,10000000,OK
mutex,openmp,12,0,1.14603,10000000,OK
mutex,openmp,12,1,1.14532,10000000,OK
mutex,openmp,12,2,1.1515,10000000,OK
mutex,openmp,12,3,1.15852,10000000,OK
mutex,openmp,12,4,1.15486,10000000,OK
