method,backend,threads,rep,time_sec,total_count,valid
atomic,std,1,0,0.00579319,1000000,OK
atomic,std,1,1,0.00575667,1000000,OK
atomic,std,1,2,0.00572027,1000000,OK
atomic,std,2,0,0.0173991,1000000,OK
atomic,std,2,1,0.0178341,1000000,OK
atomic,std,2,2,0.0173488,1000000,OK
atomic,std,4,0,0.0179927,1000000,OK
atomic,std,4,1,0.0179145,1000000,OK
atomic,std,4,2,0.0201737,1000000,OK
atomic,std,8,0,0.0176832,1000000,OK
atomic,std,8,1,0.0178776,1000000,OK
atomic,std,8,2,0.0176461,1000000,OK
atomic,std,12,0,0.0168358,1000000,OK
atomic,std,12,1,0.015667,1000000,OK
atomic,std,12,2,0.0163215,1000000,OK
