method,backend,threads,rep,time_sec,total_count,valid
private,std,1,0,0.00852933,10000000,OK
private,std,1,1,0.00823129,10000000,OK
private,std,1,2,0.00819964,10000000,OK
private,std,2,0,0.00437152,10000000,OK
private,std,2,1,0.00809037,10000000,OK
private,std,2,2,0.0043946,10000000,OK
private,std,4,0,0.00470289,10000000,OK
private,std,4,1,0.00402845,10000000,OK
private,std,4,2,0.00452744,10000000,OK
private,std,8,0,0.00313732,10000000,OK
private,std,8,1,0.00271241,10000000,OK
private,std,8,2,0.00298218,10000000,OK
private,std,12,0,0.00253452,10000000,OK
private,std,12,1,0.00273491,10000000,OK
private,std,12,2,0.00293921,10000000,OK
