method,backend,threads,rep,time_sec,total_count,valid
private,std,1,0,0.0192992,10000000,OK
private,std,1,1,0.0168302,10000000,OK
private,std,1,2,0.01652,10000000,OK
private,std,2,0,0.0124171,10000000,OK
private,std,2,1,0.00992802,10000000,OK
private,std,2,2,0.00939202,10000000,OK
private,std,4,0,0.0122969,10000000,OK
private,std,4,1,0.0125667,10000000,OK
private,std,4,2,0.00708449,10000000,OK
private,std,8,0,0.00718093,10000000,OK
private,std,8,1,0.00714827,10000000,OK
private,std,8,2,0.00701114,10000000,OK
private,std,12,0,0.0085406,10000000,OK
private,std,12,1,0.00825886,10000000,OK
private,std,12,2,0.00798167,10000000,OK
