method,backend,threads,rep,time_sec,total_count,valid
atomic,openmp,1,0,0.5309,100000000,OK
atomic,openmp,1,1,0.532578,100000000,OK
atomic,openmp,1,2,0.556596,100000000,OK
atomic,openmp,1,3,0.543029,100000000,OK
atomic,openmp,1,4,0.540628,100000000,OK
atomic,openmp,2,0,2.05833,100000000,OK
atomic,openmp,2,1,2.04032,100000000,OK
atomic,openmp,2,2,2.0269,100000000,OK
atomic,openmp,2,3,2.03224,100000000,OK
atomic,openmp,2,4,2.0654,100000000,OK
atomic,openmp,4,0,1.89943,100000000,OK
atomic,openmp,4,1,1.94958,100000000,OK
atomic,openmp,4,2,1.90877,100000000,OK
atomic,openmp,4,3,1.94845,100000000,OK
atomic,openmp,4,4,2.01355,100000000,OK
atomic,openmp,8,0,1.91494,100000000,OK
atomic,openmp,8,1,1.78303,100000000,OK
atomic,openmp,8,2,1.67633,100000000,OK
atomic,openmp,8,3,1.79012,100000000,OK
atomic,openmp,8,4,1.8873,100000000,OK
atomic,openmp,12,0,2.07711,100000000,OK
atomic,openmp,12,1,2.05103,100000000,OK
atomic,openmp,12,2,2.10039,100000000,OK
atomic,openmp,12,3,2.01952,100000000,OK
atomic,openmp,12,4,2.09081,100000000,OK
