method,backend,threads,rep,time_sec,total_count,valid
private,std,1,0,0.000861443,1000000,OK
private,std,1,1,0.000830682,1000000,OK
private,std,1,2,0.000852724,1000000,OK
private,std,2,0,0.000460703,1000000,OK
private,std,2,1,0.000789182,1000000,OK
private,std,2,2,0.00053856,1000000,OK
private,std,4,0,0.00046201,1000000,OK
private,std,4,1,0.000381307,1000000,OK
private,std,4,2,0.000464793,1000000,OK
private,std,8,0,0.000386732,1000000,OK
private,std,8,1,0.000328136,1000000,OK
private,std,8,2,0.000299154,1000000,OK
private,std,12,0,0.000512106,1000000,OK
private,std,12,1,0.000362933,1000000,OK
private,std,12,2,0.000350106,1000000,OK
