method,backend,threads,rep,time_sec,total_count,valid
atomic,std,1,0,0.00881157,1000000,OK
atomic,std,1,1,0.00918083,1000000,OK
atomic,std,1,2,0.00911555,1000000,OK
atomic,std,2,0,0.00699356,1000000,OK
atomic,std,2,1,0.00693543,1000000,OK
atomic,std,2,2,0.00685501,1000000,OK
atomic,std,4,0,0.00426894,1000000,OK
atomic,std,4,1,0.0054508,1000000,OK
atomic,std,4,2,0.00431758,1000000,OK
atomic,std,8,0,0.00348598,1000000,OK
atomic,std,8,1,0.00335102,1000000,OK
atomic,std,8,2,0.00357096,1000000,OK
atomic,std,12,0,0.00377611,1000000,OK
atomic,std,12,1,0.00367407,1000000,OK
atomic,std,12,2,0.0045047,1000000,OK
