method,backend,threads,rep,time_sec,total_count,valid
atomic,std,1,0,0.0560327,10000000,OK
atomic,std,1,1,0.0551304,10000000,OK
atomic,std,1,2,0.0545641,10000000,OK
atomic,std,2,0,0.19257,10000000,OK
atomic,std,2,1,0.191798,10000000,OK
atomic,std,2,2,0.19709,10000000,OK
atomic,std,4,0,0.168021,10000000,OK
atomic,std,4,1,0.163757,10000000,OK
atomic,std,4,2,0.162236,10000000,OK
atomic,std,8,0,0.202036,10000000,OK
atomic,std,8,1,0.195456,10000000,OK
atomic,std,8,2,0.190281,10000000,OK
atomic,std,12,0,0.172572,10000000,OK
atomic,std,12,1,0.169735,10000000,OK
atomic,std,12,2,0.175368,10000000,OK
