method,backend,threads,rep,time_sec,total_count,valid
atomic,std,1,0,0.59301,100000000,OK
atomic,std,1,1,0.580764,100000000,OK
atomic,std,1,2,0.583357,100000000,OK
atomic,std,1,3,0.579307,100000000,OK
atomic,std,1,4,0.571954,100000000,OK
atomic,std,2,0,1.24582,100000000,OK
atomic,std,2,1,1.06545,100000000,OK
atomic,std,2,2,1.16907,100000000,OK
atomic,std,2,3,1.10163,100000000,OK
atomic,std,2,4,1.1506,100000000,OK
atomic,std,4,0,1.98774,100000000,OK
atomic,std,4,1,2.04472,100000000,OK
atomic,std,4,2,1.92811,100000000,OK
atomic,std,4,3,1.86428,100000000,OK
atomic,std,4,4,1.93159,100000000,OK
atomic,std,8,0,1.91697,100000000,OK
atomic,std,8,1,1.94466,100000000,OK
atomic,std,8,2,1.85054,100000000,OK
atomic,std,8,3,1.94867,100000000,OK
atomic,std,8,4,1.90378,100000000,OK
atomic,std,12,0,1.44817,100000000,OK
atomic,std,12,1,1.45341,100000000,OK
atomic,std,12,2,1.46122,100000000,OK
atomic,std,12,3,1.4394,100000000,OK
atomic,std,12,4,1.43896,100000000,OK
