method,backend,threads,rep,time_sec,total_count,valid
atomic,openmp,1,0,0.0572146,10000000,OK
atomic,openmp,1,1,0.0556514,10000000,OK
atomic,openmp,1,2,0.0550117,10000000,OK
atomic,openmp,1,3,0.0551741,10000000,OK
atomic,openmp,1,4,0.0562639,10000000,OK
atomic,openmp,2,0,0.19841,10000000,OK
atomic,openmp,2,1,0.205134,10000000,OK
atomic,openmp,2,2,0.199361,10000000,OK
atomic,openmp,2,3,0.200717,10000000,OK
atomic,openmp,2,4,0.200791,10000000,OK
atomic,openmp,4,0,0.133822,10000000,OK
atomic,openmp,4,1,0.134495,10000000,OK
atomic,openmp,4,2,0.133581,10000000,OK
atomic,openmp,4,3,0.133679,10000000,OK
atomic,openmp,4,4,0.143611,10000000,OK
atomic,openmp,8,0,0.192745,10000000,OK
atomic,openmp,8,1,0.191755,10000000,OK
atomic,openmp,8,2,0.194069,10000000,OK
atomic,openmp,8,3,0.201335,10000000,OK
atomic,openmp,8,4,0.192722,10000000,OK
atomic,openmp,12,0,0.155337,10000000,OK
atomic,openmp,12,1,0.151252,10000000,OK
atomic,openmp,12,2,0.154549,10000000,OK
atomic,openmp,12,3,0.162351,10000000,OK
atomic,openmp,12,4,0.153792,10000000,OK
