method,backend,threads,rep,time_sec,total_count,valid
private,openmp,1,0,0.0849548,100000000,OK
private,openmp,1,1,0.0841853,100000000,OK
private,openmp,1,2,0.0843603,100000000,OK
private,openmp,1,3,0.0842472,100000000,OK
private,openmp,1,4,0.0863575,100000000,OK
private,openmp,2,0,0.0212432,50000000,BAD
private,openmp,2,1,0.0214281,50000000,BAD
private,openmp,2,2,0.0214819,50000000,BAD
private,openmp,2,3,0.0212173,50000000,BAD
private,openmp,2,4,0.0213847,50000000,BAD
private,openmp,4,0,0.0162063,24999999,BAD
private,openmp,4,1,0.0162607,24999999,BAD
private,openmp,4,2,0.0162504,24999999,BAD
private,openmp,4,3,0.022164,24999999,BAD
private,openmp,4,4,0.0219336,24999999,BAD
private,openmp,8,0,0.00902718,12499999,BAD
private,openmp,8,1,0.00875433,12499999,BAD
private,openmp,8,2,0.00886676,12499999,BAD
private,openmp,8,3,0.00880951,12499999,BAD
private,openmp,8,4,0.00890754,12499999,BAD
private,openmp,12,0,0.00967403,8333333,BAD
private,openmp,12,1,0.00665856,8333333,BAD
private,openmp,12,2,0.00543079,8333333,BAD
private,openmp,12,3,0.00615133,8333333,BAD
private,openmp,12,4,0.0095048,8333333,BAD
