method,backend,threads,rep,time_sec,total_count,valid
atomic,std,1,0,0.0880512,10000000,OK
atomic,std,1,1,0.0863321,10000000,OK
atomic,std,1,2,0.0827761,10000000,OK
atomic,std,1,3,0.099964,10000000,OK
atomic,std,1,4,0.121882,10000000,OK
atomic,std,2,0,0.0688935,10000000,OK
atomic,std,2,1,0.0697813,10000000,OK
atomic,std,2,2,0.0729344,10000000,OK
atomic,std,2,3,0.0714611,10000000,OK
atomic,std,2,4,0.0706998,10000000,OK
atomic,std,4,0,0.0432788,10000000,OK
atomic,std,4,1,0.0423295,10000000,OK
atomic,std,4,2,0.0423314,10000000,OK
atomic,std,4,3,0.0420305,10000000,OK
atomic,std,4,4,0.0425398,10000000,OK
atomic,std,8,0,0.0339814,10000000,OK
atomic,std,8,1,0.0338684,10000000,OK
atomic,std,8,2,0.034093,10000000,OK
atomic,std,8,3,0.0340438,10000000,OK
atomic,std,8,4,0.0341565,10000000,OK
atomic,std,12,0,0.0297547,10000000,OK
atomic,std,12,1,0.0304181,10000000,OK
atomic,std,12,2,0.0290996,10000000,OK
atomic,std,12,3,0.029561,10000000,OK
atomic,std,12,4,0.0290344,10000000,OK
