method,backend,threads,rep,time_sec,total_count,valid
private,std,1,0,0.00879983,10000000,OK
private,std,1,1,0.00870148,10000000,OK
private,std,1,2,0.00936977,10000000,OK
private,std,2,0,0.00455357,10000000,OK
private,std,2,1,0.00750917,10000000,OK
private,std,2,2,0.00524576,10000000,OK
private,std,4,0,0.00499081,10000000,OK
private,std,4,1,0.00401268,10000000,OK
private,std,4,2,0.00471121,10000000,OK
private,std,8,0,0.00336345,10000000,OK
private,std,8,1,0.00360655,10000000,OK
private,std,8,2,0.00302661,10000000,OK
private,std,12,0,0.00319782,10000000,OK
private,std,12,1,0.00268816,10000000,OK
private,std,12,2,0.00332906,10000000,OK
