method,backend,threads,rep,time_sec,total_count,valid
mutex,openmp,1,0,1.60552,100000000,OK
mutex,openmp,1,1,1.5881,100000000,OK
mutex,openmp,1,2,1.67136,100000000,OK
mutex,openmp,1,3,1.62342,100000000,OK
mutex,openmp,1,4,1.59356,100000000,OK
mutex,openmp,2,0,7.64498,100000000,OK
mutex,openmp,2,1,8.32815,100000000,OK
mutex,openmp,2,2,8.519,100000000,OK
mutex,openmp,2,3,8.50325,100000000,OK
mutex,openmp,2,4,8.67535,100000000,OK
mutex,openmp,4,0,6.91875,100000000,OK
mutex,openmp,4,1,6.43928,100000000,OK
mutex,openmp,4,2,6.58983,100000000,OK
mutex,openmp,4,3,6.99742,100000000,OK
mutex,openmp,4,4,7.048,100000000,OK
mutex,openmp,8,0,12.2934,100000000,OK
mutex,openmp,8,1,12.385,100000000,OK
mutex,openmp,8,2,12.3643,100000000,OK
mutex,openmp,8,3,12.474,100000000,OK
mutex,openmp,8,4,12.6104,100000000,OK
mutex,openmp,12,0,11.9062,100000000,OK
mutex,openmp,12,1,12.0279,100000000,OK
mutex,openmp,12,2,12.1459,100000000,OK
mutex,openmp,12,3,12.194,100000000,OK
mutex,openmp,12,4,12.168,100000000,OK
