method,backend,threads,rep,time_sec,total_count,valid
private,std,1,0,0.0172071,10000000,OK
private,std,1,1,0.0166938,10000000,OK
private,std,1,2,0.0170928,10000000,OK
private,std,2,0,0.0152445,10000000,OK
private,std,2,1,0.0120657,10000000,OK
private,std,2,2,0.00949914,10000000,OK
private,std,4,0,0.00543826,10000000,OK
private,std,4,1,0.00607873,10000000,OK
private,std,4,2,0.00693173,10000000,OK
private,std,8,0,0.00820128,10000000,OK
private,std,8,1,0.00717206,10000000,OK
private,std,8,2,0.00724412,10000000,OK
private,std,12,0,0.010112,10000000,OK
private,std,12,1,0.00885398,10000000,OK
private,std,12,2,0.00984901,10000000,OK
