method,backend,threads,rep,time_sec,total_count,valid
private,std,1,0,0.056091,100000000,OK
private,std,1,1,0.0562314,100000000,OK
private,std,1,2,0.0563906,100000000,OK
private,std,2,0,0.0662265,100000000,OK
private,std,2,1,0.0458061,100000000,OK
private,std,2,2,0.0442236,100000000,OK
private,std,4,0,0.042311,100000000,OK
private,std,4,1,0.0332945,100000000,OK
private,std,4,2,0.0402506,100000000,OK
private,std,8,0,0.018587,100000000,OK
private,std,8,1,0.0182486,100000000,OK
private,std,8,2,0.0192751,100000000,OK
private,std,12,0,0.0165003,100000000,OK
private,std,12,1,0.0186554,100000000,OK
private,std,12,2,0.0226237,100000000,OK
