method,backend,threads,rep,time_sec,total_count,valid
private,openmp,1,0,0.00179389,1000000,OK
private,openmp,1,1,0.00180742,1000000,OK
private,openmp,1,2,0.00171983,1000000,OK
private,openmp,1,3,0.00166787,1000000,OK
private,openmp,1,4,0.00165646,1000000,OK
private,openmp,2,0,0.000759091,500000,BAD
private,openmp,2,1,0.000677548,500000,BAD
private,openmp,2,2,0.000442099,500000,BAD
private,openmp,2,3,0.000432483,500000,BAD
private,openmp,2,4,0.000464766,500000,BAD
private,openmp,4,0,0.000867072,249999,BAD
private,openmp,4,1,0.000410263,249999,BAD
private,openmp,4,2,0.000301187,249999,BAD
private,openmp,4,3,0.000310277,249999,BAD
private,openmp,4,4,0.000309771,249999,BAD
private,openmp,8,0,0.00114753,124999,BAD
private,openmp,8,1,0.00104501,124999,BAD
private,openmp,8,2,0.00046029,124999,BAD
private,openmp,8,3,0.000469959,124999,BAD
private,openmp,8,4,0.000475786,124999,BAD
private,openmp,12,0,0.00939752,83333,BAD
private,openmp,12,1,0.00938395,83333,BAD
private,openmp,12,2,0.00831978,83333,BAD
private,openmp,12,3,0.00591916,83333,BAD
private,openmp,12,4,0.00694167,83333,BAD
