method,backend,threads,rep,time_sec,total_count,valid
mutex,openmp,1,0,0.0158473,1000000,OK
mutex,openmp,1,1,0.0154622,1000000,OK
mutex,openmp,1,2,0.0152007,1000000,OK
mutex,openmp,1,3,0.0152963,1000000,OK
mutex,openmp,1,4,0.0151367,1000000,OK
mutex,openmp,2,0,0.0718001,1000000,OK
mutex,openmp,2,1,0.0723805,1000000,OK
mutex,openmp,2,2,0.0621007,1000000,OK
mutex,openmp,2,3,0.0661503,1000000,OK
mutex,openmp,2,4,0.0681967,1000000,OK
mutex,openmp,4,0,0.0801303,1000000,OK
mutex,openmp,4,1,0.0777254,1000000,OK
mutex,openmp,4,2,0.0803529,1000000,OK
mutex,openmp,4,3,0.0853808,1000000,OK
mutex,openmp,4,4,0.0847714,1000000,OK
mutex,openmp,8,0,0.101521,1000000,OK
mutex,openmp,8,1,0.124128,1000000,OK
mutex,openmp,8,2,0.125396,1000000,OK
mutex,openmp,8,3,0.124323,1000000,OK
mutex,openmp,8,4,0.124467,1000000,OK
mutex,openmp,12,0,0.106153,1000000,OK
mutex,openmp,12,1,0.142,1000000,OK
mutex,openmp,12,2,0.148411,1000000,OK
mutex,openmp,12,3,0.147666,1000000,OK
mutex,openmp,12,4,0.145983,1000000,OK
