method,backend,threads,rep,time_sec,total_count,valid
atomic,std,1,0,0.0520715,10000000,OK
atomic,std,1,1,0.052745,10000000,OK
atomic,std,1,2,0.0520544,10000000,OK
atomic,std,2,0,0.0952753,10000000,OK
atomic,std,2,1,0.0898172,10000000,OK
atomic,std,2,2,0.0920205,10000000,OK
atomic,std,4,0,0.0730594,10000000,OK
atomic,std,4,1,0.0761643,10000000,OK
atomic,std,4,2,0.0726678,10000000,OK
atomic,std,8,0,0.0685575,10000000,OK
atomic,std,8,1,0.0664655,10000000,OK
atomic,std,8,2,0.0654734,10000000,OK
atomic,std,12,0,0.0526775,10000000,OK
atomic,std,12,1,0.0499731,10000000,OK
atomic,std,12,2,0.0536142,10000000,OK
