method,backend,threads,rep,time_sec,total_count,valid
atomic,std,1,0,0.084027,10000000,OK
atomic,std,1,1,0.0831249,10000000,OK
atomic,std,1,2,0.0824277,10000000,OK
atomic,std,2,0,0.0663108,10000000,OK
atomic,std,2,1,0.0659304,10000000,OK
atomic,std,2,2,0.0655883,10000000,OK
atomic,std,4,0,0.0423498,10000000,OK
atomic,std,4,1,0.0401027,10000000,OK
atomic,std,4,2,0.0399993,10000000,OK
atomic,std,8,0,0.0321007,10000000,OK
atomic,std,8,1,0.0335268,10000000,OK
atomic,std,8,2,0.0325422,10000000,OK
atomic,std,12,0,0.0293225,10000000,OK
atomic,std,12,1,0.0287558,10000000,OK
atomic,std,12,2,0.0285461,10000000,OK
