method,backend,threads,rep,time_sec,total_count,valid
private,std,1,0,0.00697481,10000000,OK
private,std,1,1,0.00876353,10000000,OK
private,std,1,2,0.00784947,10000000,OK
private,std,1,3,0.00624953,10000000,OK
private,std,1,4,0.00634206,10000000,OK
private,std,2,0,0.0059194,10000000,OK
private,std,2,1,0.00413156,10000000,OK
private,std,2,2,0.00539658,10000000,OK
private,std,2,3,0.0046938,10000000,OK
private,std,2,4,0.00464337,10000000,OK
private,std,4,0,0.00403337,10000000,OK
private,std,4,1,0.00396513,10000000,OK
private,std,4,2,0.00387324,10000000,OK
private,std,4,3,0.00384663,10000000,OK
private,std,4,4,0.00363126,10000000,OK
private,std,8,0,0.00198471,10000000,OK
private,std,8,1,0.00203485,10000000,OK
private,std,8,2,0.00218262,10000000,OK
private,std,8,3,0.00193315,10000000,OK
private,std,8,4,0.00205811,10000000,OK
private,std,12,0,0.00198851,10000000,OK
private,std,12,1,0.00234493,10000000,OK
private,std,12,2,0.00245174,10000000,OK
private,std,12,3,0.00220269,10000000,OK
private,std,12,4,0.00213228,10000000,OK
